id,answer_json
cpr_00898_85fa8695,"{""source_token"":""src_4fff72d246"",""name_type_token"":""name_9432cdfee3"",""library_token"":""lib_cd9d3eda9c""}"
cpr_00848_6c7add27,"{""source_token"":""src_4895814b63"",""name_type_token"":""name_85820301cb"",""library_token"":""lib_c70a5adb61""}"
cpr_00666_7230acd1,"{""source_token"":""src_db36f91e0a"",""name_type_token"":""name_c57a1b6fbd"",""library_token"":""lib_9866156203""}"
cpr_00691_70a2a6e9,"{""source_token"":""src_88945b8416"",""name_type_token"":""name_22f8cd38bb"",""library_token"":""lib_768edb05c2""}"
cpr_00831_bd7fab67,"{""source_token"":""src_84e3dbe44f"",""name_type_token"":""name_1405c79129"",""library_token"":""lib_0a616f152f""}"
cpr_00807_fa3ce3cc,"{""source_token"":""src_28ef03fb69"",""name_type_token"":""name_82827167f9"",""library_token"":""lib_6cc697f83f""}"
cpr_00838_71bc504d,"{""source_token"":""src_1739639029"",""name_type_token"":""name_a4c4a8ef59"",""library_token"":""lib_6ee38fbb75""}"
cpr_00827_7f391ae7,"{""source_token"":""src_d2b8f7eb10"",""name_type_token"":""name_2aaeb41ce9"",""library_token"":""lib_a74f015ffa""}"
cpr_00859_fb63742b,"{""source_token"":""src_fbcc6f28c3"",""name_type_token"":""name_059b560abb"",""library_token"":""lib_8f304a97f5""}"
cpr_00619_a38ed4a7,"{""source_token"":""src_f1d56b6702"",""name_type_token"":""name_b77ee7364a"",""library_token"":""lib_a708d22ae5""}"
cpr_00825_2f2353db,"{""source_token"":""src_4d52dbbf65"",""name_type_token"":""name_d66cb494c8"",""library_token"":""lib_643ccdecad""}"
cpr_00814_e6f89be7,"{""source_token"":""src_e27dfd3a12"",""name_type_token"":""name_5b06a8c464"",""library_token"":""lib_b51af90ffb""}"
cpr_00696_d4a4ed6e,"{""source_token"":""src_b1990cc991"",""name_type_token"":""name_9247648608"",""library_token"":""lib_63c0ee9686""}"
cpr_00734_a60473fd,"{""source_token"":""src_b29bc59743"",""name_type_token"":""name_39c8d32e1c"",""library_token"":""lib_7b454a4ac6""}"
cpr_00899_38f1399e,"{""source_token"":""src_c1290dbe18"",""name_type_token"":""name_ba633b92b9"",""library_token"":""lib_49ebcefb94""}"
cpr_00744_9a6f6996,"{""source_token"":""src_33ea3acb38"",""name_type_token"":""name_327d926ace"",""library_token"":""lib_f7a607cabb""}"
cpr_00866_f231df21,"{""source_token"":""src_7d89015278"",""name_type_token"":""name_0ed5966d8d"",""library_token"":""lib_4bd62a3787""}"
cpr_00715_0d9bd750,"{""source_token"":""src_6162282c06"",""name_type_token"":""name_874dbfcee5"",""library_token"":""lib_fd947d6b3e""}"
cpr_00753_9e563fbe,"{""source_token"":""src_b73860e8d3"",""name_type_token"":""name_89726cdf72"",""library_token"":""lib_0f6c4fad23""}"
cpr_00680_6692ceec,"{""source_token"":""src_738761ff85"",""name_type_token"":""name_e58a1d39b4"",""library_token"":""lib_fd4c2f9869""}"
cpr_00723_ab5cc3c1,"{""source_token"":""src_54913fe74a"",""name_type_token"":""name_d61ef453e4"",""library_token"":""lib_31e2ae0897""}"
cpr_00873_32e996e8,"{""source_token"":""src_69dea2e427"",""name_type_token"":""name_39be4b9112"",""library_token"":""lib_11586c5696""}"
cpr_00724_0d5ab585,"{""source_token"":""src_42686e4824"",""name_type_token"":""name_917df7d0cf"",""library_token"":""lib_e9624db099""}"
cpr_00739_9c590b8f,"{""source_token"":""src_a1787198fe"",""name_type_token"":""name_24b0500b8b"",""library_token"":""lib_2153d03eff""}"
cpr_00836_87ba8bc9,"{""source_token"":""src_f2b83b195c"",""name_type_token"":""name_49364f8fff"",""library_token"":""lib_e147072a4e""}"
cpr_00864_93e81b03,"{""source_token"":""src_a71d65372c"",""name_type_token"":""name_18415347e7"",""library_token"":""lib_db34d07577""}"
cpr_00887_94311e54,"{""source_token"":""src_62d9d8d8f9"",""name_type_token"":""name_0536b2b777"",""library_token"":""lib_839c2d91b8""}"
cpr_00611_12020fcb,"{""source_token"":""src_8570584a12"",""name_type_token"":""name_e3a9bc5ff7"",""library_token"":""lib_39192ee98e""}"
cpr_00748_af44c8b9,"{""source_token"":""src_69bf9304c5"",""name_type_token"":""name_fa5abebf94"",""library_token"":""lib_5e901e7816""}"
cpr_00622_957176d8,"{""source_token"":""src_bc8f891ffd"",""name_type_token"":""name_26625ee8ac"",""library_token"":""lib_45f386749b""}"
cpr_00834_bc81936f,"{""source_token"":""src_71a27fa445"",""name_type_token"":""name_24834db814"",""library_token"":""lib_3553be72d5""}"
cpr_00775_b44193f1,"{""source_token"":""src_3589a8b039"",""name_type_token"":""name_190eef4320"",""library_token"":""lib_62d0af7316""}"
cpr_00751_1d1e945f,"{""source_token"":""src_393a73c66c"",""name_type_token"":""name_8603cc688d"",""library_token"":""lib_6f03ec5f4b""}"
cpr_00612_a9baf561,"{""source_token"":""src_ba7cf60345"",""name_type_token"":""name_fb17a25ec6"",""library_token"":""lib_cdaf3d12e3""}"
cpr_00833_8917c4b8,"{""source_token"":""src_f5789e71d1"",""name_type_token"":""name_e080585dac"",""library_token"":""lib_4a309a4c8e""}"
cpr_00885_afbfccab,"{""source_token"":""src_467fd154ab"",""name_type_token"":""name_98fe924759"",""library_token"":""lib_939c2f0ab9""}"
cpr_00791_3edfbc84,"{""source_token"":""src_651e89ebd0"",""name_type_token"":""name_e935c86ce7"",""library_token"":""lib_6269934e22""}"
cpr_00897_2c334769,"{""source_token"":""src_8333afd504"",""name_type_token"":""name_71f1743143"",""library_token"":""lib_970b72b2fd""}"
cpr_00798_2ca24fbc,"{""source_token"":""src_b8b662cfc4"",""name_type_token"":""name_2767057892"",""library_token"":""lib_18e45be566""}"
cpr_00683_f197087c,"{""source_token"":""src_21054b8010"",""name_type_token"":""name_0a59506a84"",""library_token"":""lib_1ff64daa1a""}"
cpr_00737_ad4c4037,"{""source_token"":""src_cbed581851"",""name_type_token"":""name_272fdb5367"",""library_token"":""lib_4f66d8f2a8""}"
cpr_00794_ffd162d3,"{""source_token"":""src_f9fff80100"",""name_type_token"":""name_9bb97a01fd"",""library_token"":""lib_794424dd2b""}"
cpr_00706_f4d96376,"{""source_token"":""src_de951135f2"",""name_type_token"":""name_b8c2ccd57b"",""library_token"":""lib_e95880138e""}"
cpr_00628_6ccd35dc,"{""source_token"":""src_44bf9ed177"",""name_type_token"":""name_d1777fe77d"",""library_token"":""lib_334df5c4ee""}"
cpr_00863_881fd297,"{""source_token"":""src_c7813a510f"",""name_type_token"":""name_8f7a9419bd"",""library_token"":""lib_e10d72f3c2""}"
cpr_00802_8660ffc6,"{""source_token"":""src_c5dd57565c"",""name_type_token"":""name_0fba2a638a"",""library_token"":""lib_e23f9ce12d""}"
cpr_00629_58a91e9c,"{""source_token"":""src_d5f6c8220d"",""name_type_token"":""name_d946114b82"",""library_token"":""lib_0bb67fa354""}"
cpr_00853_37aea5ac,"{""source_token"":""src_da00244851"",""name_type_token"":""name_86a32ed2b9"",""library_token"":""lib_880572b46a""}"
cpr_00712_f28e64cf,"{""source_token"":""src_8c77ae4774"",""name_type_token"":""name_8deaccb790"",""library_token"":""lib_fc4a85055c""}"
cpr_00741_c8d6a5bb,"{""source_token"":""src_3ccff41566"",""name_type_token"":""name_26b6adb0f9"",""library_token"":""lib_36f7bb9ca7""}"
cpr_00639_611eb82a,"{""source_token"":""src_3cc192a126"",""name_type_token"":""name_0d907b36c9"",""library_token"":""lib_1dc64b0141""}"
cpr_00811_8d45e212,"{""source_token"":""src_2e992b489d"",""name_type_token"":""name_7e5ba4d30b"",""library_token"":""lib_6656c61707""}"
cpr_00841_dd98d848,"{""source_token"":""src_55dab058cc"",""name_type_token"":""name_75334eebae"",""library_token"":""lib_7b6f244a4c""}"
cpr_00892_9d3d0daa,"{""source_token"":""src_cc18515cbb"",""name_type_token"":""name_ddbcf37f4a"",""library_token"":""lib_1c284a0c9b""}"
cpr_00709_7a915626,"{""source_token"":""src_623a2e6ab6"",""name_type_token"":""name_ba23e76c0d"",""library_token"":""lib_3b96a97ce8""}"
cpr_00874_924e8589,"{""source_token"":""src_e36e5e5ab1"",""name_type_token"":""name_14514fa25e"",""library_token"":""lib_ab46149224""}"
cpr_00624_4094b058,"{""source_token"":""src_788126c0fb"",""name_type_token"":""name_a08f7b7336"",""library_token"":""lib_28feff74d0""}"
cpr_00783_a9734b3d,"{""source_token"":""src_49900d28bc"",""name_type_token"":""name_bca17b2620"",""library_token"":""lib_3664b078b0""}"
cpr_00813_27cb2fb8,"{""source_token"":""src_69894c8ac5"",""name_type_token"":""name_63dcd60a3e"",""library_token"":""lib_62433d4f51""}"
cpr_00757_021db1df,"{""source_token"":""src_f27426e6aa"",""name_type_token"":""name_963151f5b4"",""library_token"":""lib_077f71f884""}"
cpr_00830_377d40eb,"{""source_token"":""src_d3f1d606ae"",""name_type_token"":""name_8a52438cd9"",""library_token"":""lib_66ae2956be""}"
cpr_00681_5035bc66,"{""source_token"":""src_ffc77f3e1c"",""name_type_token"":""name_258fe88a78"",""library_token"":""lib_5b020cf213""}"
cpr_00605_5c40c65a,"{""source_token"":""src_088339c464"",""name_type_token"":""name_f09deece44"",""library_token"":""lib_236650753c""}"
cpr_00754_811498e0,"{""source_token"":""src_2aa0df6f02"",""name_type_token"":""name_0c0cd488e3"",""library_token"":""lib_e38787d48a""}"
cpr_00759_0fe86435,"{""source_token"":""src_3aa984142f"",""name_type_token"":""name_e9d49712b7"",""library_token"":""lib_643e06cd71""}"
cpr_00837_186ba020,"{""source_token"":""src_1e978f2ffe"",""name_type_token"":""name_26e97471eb"",""library_token"":""lib_3e56ac8264""}"
cpr_00812_4699965d,"{""source_token"":""src_507a09647f"",""name_type_token"":""name_b687528869"",""library_token"":""lib_7f4d9d4e08""}"
cpr_00799_a1bf7eae,"{""source_token"":""src_8872a592d9"",""name_type_token"":""name_2de0829323"",""library_token"":""lib_64136e7786""}"
cpr_00710_1cdd7d83,"{""source_token"":""src_e08eed2126"",""name_type_token"":""name_d84389d2da"",""library_token"":""lib_0281637b4a""}"
cpr_00762_db8583ac,"{""source_token"":""src_f8dbab5691"",""name_type_token"":""name_0b4666b96f"",""library_token"":""lib_ee442c3e54""}"
cpr_00779_6445fb64,"{""source_token"":""src_0fe90cfb6d"",""name_type_token"":""name_3122a26ccb"",""library_token"":""lib_3574d1d9d0""}"
cpr_00664_b01496db,"{""source_token"":""src_de8c452b96"",""name_type_token"":""name_3419eb5239"",""library_token"":""lib_03aba23f28""}"
cpr_00648_2b2cb24e,"{""source_token"":""src_0047b4fd44"",""name_type_token"":""name_1e902859d0"",""library_token"":""lib_78cf516b1f""}"
cpr_00865_30bd5896,"{""source_token"":""src_2cf84f3bcb"",""name_type_token"":""name_ec251f4f58"",""library_token"":""lib_d137dd8106""}"
cpr_00868_562f8580,"{""source_token"":""src_9e232542e2"",""name_type_token"":""name_ca7f1893ca"",""library_token"":""lib_2998aa12cd""}"
cpr_00750_0d43ffc6,"{""source_token"":""src_5b22227a23"",""name_type_token"":""name_a565bf4f84"",""library_token"":""lib_1996e8b08f""}"
cpr_00620_2fc94c32,"{""source_token"":""src_8e7c97faf7"",""name_type_token"":""name_7c86d7e0fd"",""library_token"":""lib_0b16f7ece7""}"
cpr_00808_402595f9,"{""source_token"":""src_a89541edce"",""name_type_token"":""name_948ae059a4"",""library_token"":""lib_fedf589c7f""}"
cpr_00650_8c7190da,"{""source_token"":""src_cbef1b83ce"",""name_type_token"":""name_f7e0e9e051"",""library_token"":""lib_be031cc27b""}"
cpr_00660_5d751da1,"{""source_token"":""src_4c886a84b2"",""name_type_token"":""name_8d0b429c5e"",""library_token"":""lib_59bd2d5de3""}"
cpr_00763_b8c4cf21,"{""source_token"":""src_62a38bbc60"",""name_type_token"":""name_5909fc6e5a"",""library_token"":""lib_b39684ac1c""}"
cpr_00736_5fbee4c3,"{""source_token"":""src_a47b98e9af"",""name_type_token"":""name_808f3af75d"",""library_token"":""lib_b4830de5e3""}"
cpr_00858_335b4d3e,"{""source_token"":""src_d1f05f225f"",""name_type_token"":""name_9b3707f856"",""library_token"":""lib_2e83542e8a""}"
cpr_00845_f06300ed,"{""source_token"":""src_36907ec865"",""name_type_token"":""name_84f9913ace"",""library_token"":""lib_2554a772cd""}"
cpr_00796_2fe23fc0,"{""source_token"":""src_e52d685f09"",""name_type_token"":""name_3f533141c3"",""library_token"":""lib_efe921f053""}"
cpr_00672_05095ee4,"{""source_token"":""src_2a2cc9cb87"",""name_type_token"":""name_8b3a983d5a"",""library_token"":""lib_9b7ec9ba04""}"
cpr_00846_ebbd5063,"{""source_token"":""src_2d00a97e59"",""name_type_token"":""name_e2ffb66f53"",""library_token"":""lib_b2d3e2cf9f""}"
cpr_00742_d1953d30,"{""source_token"":""src_80031ace9f"",""name_type_token"":""name_ef18459e65"",""library_token"":""lib_560fabcab4""}"
cpr_00647_4b79739c,"{""source_token"":""src_e3cb806c46"",""name_type_token"":""name_9c9385bc18"",""library_token"":""lib_31302c909f""}"
cpr_00713_36e5324e,"{""source_token"":""src_8917a2e756"",""name_type_token"":""name_80150a19b2"",""library_token"":""lib_c7cc620b00""}"
cpr_00747_3ded066e,"{""source_token"":""src_d503bdca23"",""name_type_token"":""name_9670c94aae"",""library_token"":""lib_e8dacaf2d3""}"
cpr_00643_43369f52,"{""source_token"":""src_63dad1bd97"",""name_type_token"":""name_b6c2dec112"",""library_token"":""lib_93f75c68ac""}"
cpr_00765_67fb752f,"{""source_token"":""src_614a508f5e"",""name_type_token"":""name_a453d641a9"",""library_token"":""lib_22526ad565""}"
cpr_00701_1f10d254,"{""source_token"":""src_59ae4d22a3"",""name_type_token"":""name_7f997a5bd6"",""library_token"":""lib_0e8bd8fd51""}"
cpr_00861_0c658c3e,"{""source_token"":""src_7f64eb9160"",""name_type_token"":""name_edeccdb268"",""library_token"":""lib_e5479141c0""}"
cpr_00776_fce2019a,"{""source_token"":""src_6b0d457e32"",""name_type_token"":""name_e4b8a43c74"",""library_token"":""lib_3ddb235202""}"
cpr_00730_3ca2d4e1,"{""source_token"":""src_52fee867f1"",""name_type_token"":""name_f25f6cb760"",""library_token"":""lib_28664fbd48""}"
cpr_00820_3f2ea12e,"{""source_token"":""src_e522b49f3a"",""name_type_token"":""name_7b709312d6"",""library_token"":""lib_e26f6f35b1""}"
cpr_00646_f3bcf70b,"{""source_token"":""src_a9be075b48"",""name_type_token"":""name_2d626919d9"",""library_token"":""lib_3ac6c3ce75""}"
cpr_00676_005417ec,"{""source_token"":""src_e9136c3541"",""name_type_token"":""name_21192e4c55"",""library_token"":""lib_14de639462""}"
cpr_00804_3794ada6,"{""source_token"":""src_8494050679"",""name_type_token"":""name_a3ee62ab54"",""library_token"":""lib_8902f29d4d""}"
cpr_00707_4c0fbd1b,"{""source_token"":""src_60817db67a"",""name_type_token"":""name_12132c2b64"",""library_token"":""lib_03654752fb""}"
cpr_00688_adbc8004,"{""source_token"":""src_83aad39b9a"",""name_type_token"":""name_0c5a7cc7fd"",""library_token"":""lib_cc65df278e""}"
cpr_00651_ab6e3b53,"{""source_token"":""src_7a68ae078a"",""name_type_token"":""name_d897d6dadb"",""library_token"":""lib_782e05d19e""}"
cpr_00840_2c1292a8,"{""source_token"":""src_dacb4d3d3b"",""name_type_token"":""name_f74221e183"",""library_token"":""lib_0fd8dd54a3""}"
cpr_00731_21cebc85,"{""source_token"":""src_95e906fc11"",""name_type_token"":""name_c9543182a3"",""library_token"":""lib_5d913d8e28""}"
cpr_00772_081e3607,"{""source_token"":""src_354cb4e713"",""name_type_token"":""name_aa2fae3802"",""library_token"":""lib_70349fe456""}"
cpr_00778_44b5e741,"{""source_token"":""src_e6495e4258"",""name_type_token"":""name_a02eebc1dc"",""library_token"":""lib_b7676f2007""}"
cpr_00826_12358fa5,"{""source_token"":""src_14170be5fa"",""name_type_token"":""name_579705ce93"",""library_token"":""lib_da5a5e70a9""}"
cpr_00839_3d93cd3d,"{""source_token"":""src_da972c688b"",""name_type_token"":""name_edb38807a8"",""library_token"":""lib_ef11784fed""}"
cpr_00795_e819412b,"{""source_token"":""src_40f27961e0"",""name_type_token"":""name_43adfbda65"",""library_token"":""lib_90ffc2aa98""}"
cpr_00823_d456f7e2,"{""source_token"":""src_a95b9ee98d"",""name_type_token"":""name_ba2b8034ab"",""library_token"":""lib_628b49972d""}"
cpr_00686_4cc2fb69,"{""source_token"":""src_f72fc97129"",""name_type_token"":""name_004e6b95fd"",""library_token"":""lib_7ee381b88b""}"
cpr_00818_3c000468,"{""source_token"":""src_ae50524b0d"",""name_type_token"":""name_f7eca2e1b6"",""library_token"":""lib_186ebd2b56""}"
cpr_00645_918abee3,"{""source_token"":""src_1dff5535d6"",""name_type_token"":""name_afd3dbffa6"",""library_token"":""lib_719308ba87""}"
cpr_00667_39a2f6e2,"{""source_token"":""src_483242d55e"",""name_type_token"":""name_84eb343063"",""library_token"":""lib_b298d80959""}"
cpr_00615_2ce65a63,"{""source_token"":""src_f062c346c5"",""name_type_token"":""name_7cc529c7cb"",""library_token"":""lib_c5a4c26a2a""}"
cpr_00809_1c1d01b7,"{""source_token"":""src_7a333fa427"",""name_type_token"":""name_1329eb42b4"",""library_token"":""lib_a12798215e""}"
cpr_00668_e617ccb5,"{""source_token"":""src_fe7f229f2c"",""name_type_token"":""name_0779edd166"",""library_token"":""lib_f511b8fc4d""}"
cpr_00640_b39f9fbb,"{""source_token"":""src_c03888eb0c"",""name_type_token"":""name_848ce5afc1"",""library_token"":""lib_4e51bed6a6""}"
cpr_00653_67f7b1e9,"{""source_token"":""src_102a2c31bf"",""name_type_token"":""name_70a6ef0024"",""library_token"":""lib_2a54997e7b""}"
cpr_00797_deabb8c3,"{""source_token"":""src_7f852d814e"",""name_type_token"":""name_ee3d4837b4"",""library_token"":""lib_4ea8b21bfd""}"
cpr_00655_a2542ac2,"{""source_token"":""src_68081a019e"",""name_type_token"":""name_9cab7c1fed"",""library_token"":""lib_78bd1192f2""}"
cpr_00659_8d6b4359,"{""source_token"":""src_b63e752657"",""name_type_token"":""name_2c1b6fabd5"",""library_token"":""lib_10f795f481""}"
cpr_00761_54bc204b,"{""source_token"":""src_4213ce7513"",""name_type_token"":""name_34c6bf5724"",""library_token"":""lib_ec582a2931""}"
cpr_00638_ffc17014,"{""source_token"":""src_21a10de6f2"",""name_type_token"":""name_f42ccc3a6f"",""library_token"":""lib_6fa988b8e5""}"
cpr_00610_90f05189,"{""source_token"":""src_d6e8679664"",""name_type_token"":""name_7f5877c221"",""library_token"":""lib_7f748d5163""}"
cpr_00777_44e34773,"{""source_token"":""src_d434d4a88d"",""name_type_token"":""name_f92d95fb0d"",""library_token"":""lib_749aecc1c8""}"
cpr_00618_29152005,"{""source_token"":""src_cae0504b6b"",""name_type_token"":""name_ed17571b1c"",""library_token"":""lib_05ae072aa0""}"
cpr_00658_1a206a02,"{""source_token"":""src_2c5074bd56"",""name_type_token"":""name_7730eb5536"",""library_token"":""lib_cbdb28e43c""}"
cpr_00714_e354d9d6,"{""source_token"":""src_1cf77dcc90"",""name_type_token"":""name_c29b057589"",""library_token"":""lib_3d0bf5c6bc""}"
cpr_00634_1738f38d,"{""source_token"":""src_fe59ccc1e8"",""name_type_token"":""name_eae961c112"",""library_token"":""lib_4df41a521b""}"
cpr_00829_7eb696eb,"{""source_token"":""src_9e153d345f"",""name_type_token"":""name_5af602cea3"",""library_token"":""lib_6ea9cfbf0e""}"
cpr_00857_3abda182,"{""source_token"":""src_08f5f3a362"",""name_type_token"":""name_f89f917f1e"",""library_token"":""lib_b62188a343""}"
cpr_00869_bf33d0d7,"{""source_token"":""src_529122921c"",""name_type_token"":""name_ec60b43044"",""library_token"":""lib_5e7788e105""}"
cpr_00699_09fa3451,"{""source_token"":""src_51b1b03fef"",""name_type_token"":""name_9e6ccf100d"",""library_token"":""lib_4bb41025f1""}"
cpr_00896_be8338d6,"{""source_token"":""src_1736c00dba"",""name_type_token"":""name_5b89670b0e"",""library_token"":""lib_dea2312762""}"
cpr_00771_d0d92158,"{""source_token"":""src_40ffcba5bf"",""name_type_token"":""name_4d6c14065a"",""library_token"":""lib_2399a2f9ff""}"
cpr_00743_e6617114,"{""source_token"":""src_c123c22907"",""name_type_token"":""name_37d4ce6058"",""library_token"":""lib_c90cf4b245""}"
cpr_00601_98cab6e4,"{""source_token"":""src_fbbccf1836"",""name_type_token"":""name_272504350d"",""library_token"":""lib_254c4eaae0""}"
cpr_00895_ffccc480,"{""source_token"":""src_963ed4a6c2"",""name_type_token"":""name_2e333dabce"",""library_token"":""lib_26a5dcebb2""}"
cpr_00700_8e08b861,"{""source_token"":""src_186d13854d"",""name_type_token"":""name_870a80ddd7"",""library_token"":""lib_f80102a28b""}"
cpr_00656_3060123f,"{""source_token"":""src_966471539d"",""name_type_token"":""name_e9f2a2e1e9"",""library_token"":""lib_122739ecd1""}"
cpr_00722_2c23eedf,"{""source_token"":""src_f58ccfac35"",""name_type_token"":""name_b1d6ba1442"",""library_token"":""lib_d8301c0e4f""}"
cpr_00669_304eb2f5,"{""source_token"":""src_9b655c352e"",""name_type_token"":""name_1bd1c50b57"",""library_token"":""lib_7f03af42cb""}"
cpr_00810_51f4bd1a,"{""source_token"":""src_5eb26d5d07"",""name_type_token"":""name_3e5db1e8ed"",""library_token"":""lib_708e766f3f""}"
cpr_00644_937c50f7,"{""source_token"":""src_3e49b217fd"",""name_type_token"":""name_f4c297070d"",""library_token"":""lib_ff4d3fabee""}"
cpr_00705_642e49f7,"{""source_token"":""src_47c7ebae91"",""name_type_token"":""name_af5a6d1e93"",""library_token"":""lib_61758481fb""}"
cpr_00606_1c1fc5fd,"{""source_token"":""src_2e16da7867"",""name_type_token"":""name_aac0af3c85"",""library_token"":""lib_579e98e229""}"
cpr_00642_4c497489,"{""source_token"":""src_dc82b2f0fd"",""name_type_token"":""name_636b569f20"",""library_token"":""lib_203f14dcaa""}"
cpr_00690_dabddaf8,"{""source_token"":""src_4014f22608"",""name_type_token"":""name_97d898d81b"",""library_token"":""lib_375a6a678e""}"
cpr_00880_3541601a,"{""source_token"":""src_af33e2e780"",""name_type_token"":""name_b65bc28b97"",""library_token"":""lib_9253bc4cc0""}"
cpr_00662_d35d68aa,"{""source_token"":""src_e54a87b6ba"",""name_type_token"":""name_e5ee71e434"",""library_token"":""lib_a3622137f2""}"
cpr_00851_e6ff6ce0,"{""source_token"":""src_9d00335fda"",""name_type_token"":""name_656052b682"",""library_token"":""lib_c96d00466a""}"
cpr_00600_9404ba9d,"{""source_token"":""src_2242f2c2ad"",""name_type_token"":""name_16f461582b"",""library_token"":""lib_16aa924427""}"
cpr_00867_08625d88,"{""source_token"":""src_52220ff4bc"",""name_type_token"":""name_99d5426b58"",""library_token"":""lib_c7e346e306""}"
cpr_00674_43da5bfd,"{""source_token"":""src_5f74970e7c"",""name_type_token"":""name_51abc6b971"",""library_token"":""lib_a319f78314""}"
cpr_00661_6e7ba201,"{""source_token"":""src_dc81efa808"",""name_type_token"":""name_3c19801369"",""library_token"":""lib_046a7a6a56""}"
cpr_00726_d06fc317,"{""source_token"":""src_3fcc07d56c"",""name_type_token"":""name_85959e9a7e"",""library_token"":""lib_257e256774""}"
cpr_00789_e4faf0ff,"{""source_token"":""src_c6b3d248b5"",""name_type_token"":""name_27fe5340db"",""library_token"":""lib_f95fcd11d3""}"
cpr_00627_da80554d,"{""source_token"":""src_0aba3fe29a"",""name_type_token"":""name_f39ef1c84f"",""library_token"":""lib_285b82cdfd""}"
cpr_00803_268c7987,"{""source_token"":""src_f21775758c"",""name_type_token"":""name_04d62bd64e"",""library_token"":""lib_58e487d7d0""}"
cpr_00860_61d18e97,"{""source_token"":""src_e012f7f995"",""name_type_token"":""name_a498df278f"",""library_token"":""lib_bd18126322""}"
cpr_00770_79bae849,"{""source_token"":""src_2ff6c45a28"",""name_type_token"":""name_6432ed63fb"",""library_token"":""lib_a8ea9e0a0b""}"
cpr_00780_4d9f8ee1,"{""source_token"":""src_ff75e2f5ca"",""name_type_token"":""name_8563a013d9"",""library_token"":""lib_bfbecf58a2""}"
cpr_00835_eca7311d,"{""source_token"":""src_518140943d"",""name_type_token"":""name_2fe446ac6a"",""library_token"":""lib_76d19aa5c5""}"
cpr_00602_fafa9bae,"{""source_token"":""src_bd5b775f97"",""name_type_token"":""name_6c37a66e0f"",""library_token"":""lib_e14d361012""}"
cpr_00673_840baa97,"{""source_token"":""src_94b7216395"",""name_type_token"":""name_a7e43986f5"",""library_token"":""lib_1c096daa1b""}"
cpr_00718_9debc07f,"{""source_token"":""src_47c21961c0"",""name_type_token"":""name_9a6ace5f80"",""library_token"":""lib_2fe078179d""}"
cpr_00617_86e69f08,"{""source_token"":""src_8c58c85de0"",""name_type_token"":""name_4a16937ac7"",""library_token"":""lib_2e834036c3""}"
cpr_00720_4105fd7f,"{""source_token"":""src_a37368524a"",""name_type_token"":""name_cfb3c6829f"",""library_token"":""lib_3a51a014d9""}"
cpr_00727_4f4b96fd,"{""source_token"":""src_d5a70e9fbe"",""name_type_token"":""name_eadb6aab5a"",""library_token"":""lib_34fba3126a""}"
cpr_00740_f63cb301,"{""source_token"":""src_f048a31e17"",""name_type_token"":""name_0e8fe05d19"",""library_token"":""lib_09ce5c1b12""}"
cpr_00855_a8fc21ff,"{""source_token"":""src_763dedf036"",""name_type_token"":""name_b52061b5d4"",""library_token"":""lib_ff618865c4""}"
cpr_00613_a6ae355f,"{""source_token"":""src_9c2f0aada7"",""name_type_token"":""name_1b0f590224"",""library_token"":""lib_58f04f1f46""}"
cpr_00697_7811b84d,"{""source_token"":""src_72d1b52137"",""name_type_token"":""name_cae611ec1d"",""library_token"":""lib_255b30b4e7""}"
cpr_00685_0072f9e1,"{""source_token"":""src_fd12721cb6"",""name_type_token"":""name_b4ab7f1b15"",""library_token"":""lib_42f105324f""}"
cpr_00719_43274e56,"{""source_token"":""src_015bc1e0b0"",""name_type_token"":""name_85637c0b62"",""library_token"":""lib_3c5e00145c""}"
cpr_00767_d886335d,"{""source_token"":""src_cab1825895"",""name_type_token"":""name_547b7f5a78"",""library_token"":""lib_bdb1917955""}"
cpr_00844_2ec3ac4b,"{""source_token"":""src_b837163349"",""name_type_token"":""name_e1d2037b4c"",""library_token"":""lib_245a145e04""}"
cpr_00630_4d83dac1,"{""source_token"":""src_6066d6143e"",""name_type_token"":""name_86b5cf4e13"",""library_token"":""lib_86addfa2bb""}"
cpr_00785_63c1d03f,"{""source_token"":""src_bda3dcfe9e"",""name_type_token"":""name_ead0336d78"",""library_token"":""lib_dbcfa2a7e2""}"
cpr_00786_ef458576,"{""source_token"":""src_578bfa0be9"",""name_type_token"":""name_002da8a2c9"",""library_token"":""lib_43f1380f11""}"
cpr_00729_2a16d85a,"{""source_token"":""src_8351e468fe"",""name_type_token"":""name_19344c8f6d"",""library_token"":""lib_5f8952ed42""}"
cpr_00621_73696176,"{""source_token"":""src_14b19379b1"",""name_type_token"":""name_f06c57a08f"",""library_token"":""lib_dc856e5cf7""}"
cpr_00694_a16deea4,"{""source_token"":""src_a1d650de98"",""name_type_token"":""name_b2390b5bf7"",""library_token"":""lib_1521eca081""}"
cpr_00631_29c0f666,"{""source_token"":""src_dfdec8a679"",""name_type_token"":""name_b859db26cc"",""library_token"":""lib_295385953f""}"
cpr_00616_5f525503,"{""source_token"":""src_c41cf00d8e"",""name_type_token"":""name_63b4969e2e"",""library_token"":""lib_9ecca921cf""}"
cpr_00711_a556aefd,"{""source_token"":""src_0c773acb5e"",""name_type_token"":""name_cd2e22c054"",""library_token"":""lib_27743b737f""}"
cpr_00623_02d7b102,"{""source_token"":""src_2cc483d34a"",""name_type_token"":""name_28aa6a8108"",""library_token"":""lib_aba82aaa26""}"
cpr_00679_6548cb1e,"{""source_token"":""src_ab963eaf61"",""name_type_token"":""name_67aa7421c7"",""library_token"":""lib_4e0b150e13""}"
cpr_00787_9409e835,"{""source_token"":""src_f03ade946f"",""name_type_token"":""name_7f68c6e97e"",""library_token"":""lib_0a4da79fe6""}"
cpr_00692_64a8679e,"{""source_token"":""src_ae3c5d80d2"",""name_type_token"":""name_8751114140"",""library_token"":""lib_c9778fe427""}"
cpr_00604_6f88afdb,"{""source_token"":""src_6bbdc30130"",""name_type_token"":""name_efb476ac15"",""library_token"":""lib_9f16aa9b87""}"
cpr_00626_ee22a0f6,"{""source_token"":""src_c1dc816526"",""name_type_token"":""name_69822cebce"",""library_token"":""lib_6d3b274ae5""}"
cpr_00843_9e7c3220,"{""source_token"":""src_58fef432af"",""name_type_token"":""name_bac40bd8ed"",""library_token"":""lib_10560d2d2f""}"
cpr_00886_0cd60b09,"{""source_token"":""src_10b7fab6a0"",""name_type_token"":""name_577fcb6a33"",""library_token"":""lib_c7fafe73a0""}"
cpr_00733_ffc56ade,"{""source_token"":""src_0e4fc6e253"",""name_type_token"":""name_3641c3e5c9"",""library_token"":""lib_8422fd7651""}"
cpr_00805_76d8d42d,"{""source_token"":""src_a9038aa092"",""name_type_token"":""name_b474749ebe"",""library_token"":""lib_c86008f92e""}"
cpr_00879_a1ca6f93,"{""source_token"":""src_dc8c04617d"",""name_type_token"":""name_56e5109a8b"",""library_token"":""lib_78b79e6e62""}"
cpr_00755_767e2db1,"{""source_token"":""src_f5e5ba28aa"",""name_type_token"":""name_c545e08aed"",""library_token"":""lib_7b665d0771""}"
cpr_00824_ea546bd3,"{""source_token"":""src_6c20622ab9"",""name_type_token"":""name_f64746bf8e"",""library_token"":""lib_55f82720d1""}"
cpr_00872_77c014f9,"{""source_token"":""src_f163d2a865"",""name_type_token"":""name_11c1be0049"",""library_token"":""lib_84b3c55967""}"
cpr_00821_78d5a649,"{""source_token"":""src_ea249b0c71"",""name_type_token"":""name_cc9d3f1a06"",""library_token"":""lib_87357415ba""}"
cpr_00625_5cbc1b38,"{""source_token"":""src_80cb08b67f"",""name_type_token"":""name_a5d95c16c9"",""library_token"":""lib_139544b51a""}"
cpr_00635_578abb17,"{""source_token"":""src_826f726230"",""name_type_token"":""name_134e890f21"",""library_token"":""lib_8668a7cefc""}"
cpr_00603_3683b7e9,"{""source_token"":""src_25f7ae0235"",""name_type_token"":""name_a2d8011a6b"",""library_token"":""lib_10aa3efebb""}"
cpr_00609_0430a18d,"{""source_token"":""src_d59d25e09a"",""name_type_token"":""name_70abf75771"",""library_token"":""lib_980f9aec3c""}"
cpr_00849_97c5a616,"{""source_token"":""src_61e01e3948"",""name_type_token"":""name_615dfe2365"",""library_token"":""lib_d57349b0e1""}"
cpr_00633_2e23f38f,"{""source_token"":""src_8842a8e9d3"",""name_type_token"":""name_eeb476efa6"",""library_token"":""lib_e50b8cb538""}"
cpr_00670_8e1fda9e,"{""source_token"":""src_0cf4c69caa"",""name_type_token"":""name_e34eb81e2a"",""library_token"":""lib_88112445b1""}"
cpr_00704_806f0502,"{""source_token"":""src_f33688eaed"",""name_type_token"":""name_b485d95ac8"",""library_token"":""lib_6821b43498""}"
cpr_00766_547ee88c,"{""source_token"":""src_ee5f149348"",""name_type_token"":""name_c88379c086"",""library_token"":""lib_420291bdf3""}"
cpr_00828_e4e9a524,"{""source_token"":""src_f23fcb8074"",""name_type_token"":""name_d870bbdece"",""library_token"":""lib_61ecced5a5""}"
cpr_00641_0ddac66d,"{""source_token"":""src_078c8d852c"",""name_type_token"":""name_0ad0d86dba"",""library_token"":""lib_9a9cb714fc""}"
cpr_00614_b47cf480,"{""source_token"":""src_b5a3ddc611"",""name_type_token"":""name_0e616d42aa"",""library_token"":""lib_080cb6f702""}"
cpr_00801_4a850344,"{""source_token"":""src_cffc12d955"",""name_type_token"":""name_a6a18fc7f3"",""library_token"":""lib_10f6ed8073""}"
cpr_00632_fe6f9395,"{""source_token"":""src_1f60f0ebc3"",""name_type_token"":""name_7518a307a1"",""library_token"":""lib_9d0801ead1""}"
cpr_00764_66d5749d,"{""source_token"":""src_af690d43c1"",""name_type_token"":""name_3d4bd3062b"",""library_token"":""lib_16a104a3c8""}"
cpr_00871_991f44d6,"{""source_token"":""src_8f74a55128"",""name_type_token"":""name_33f8efae2d"",""library_token"":""lib_0f5539473e""}"
cpr_00852_f32e303e,"{""source_token"":""src_947ffe45e1"",""name_type_token"":""name_34b047dfcc"",""library_token"":""lib_452a4f61fc""}"
cpr_00890_67ac6205,"{""source_token"":""src_72194055e6"",""name_type_token"":""name_93456500b0"",""library_token"":""lib_9be04ad71b""}"
cpr_00708_e294831e,"{""source_token"":""src_43939ce2ef"",""name_type_token"":""name_4d17a4e0e8"",""library_token"":""lib_0d3a3b28eb""}"
cpr_00790_0e762ec6,"{""source_token"":""src_6dc75caa5c"",""name_type_token"":""name_faba6d68ce"",""library_token"":""lib_f444400fb0""}"
cpr_00774_6e88a23e,"{""source_token"":""src_18a3dd4b23"",""name_type_token"":""name_ef44383a5b"",""library_token"":""lib_dda1a240cd""}"
cpr_00877_cb62de16,"{""source_token"":""src_3fc05f24b5"",""name_type_token"":""name_36900bc1b1"",""library_token"":""lib_6aef4e9633""}"
cpr_00663_3b423b1d,"{""source_token"":""src_24422df0cd"",""name_type_token"":""name_ab20f623d4"",""library_token"":""lib_e13c3f03ed""}"
cpr_00816_88c2cb8b,"{""source_token"":""src_5aafdd271a"",""name_type_token"":""name_6aa137995e"",""library_token"":""lib_5779bb8490""}"
cpr_00870_f92a7b86,"{""source_token"":""src_48f599fc4b"",""name_type_token"":""name_d9441f5f47"",""library_token"":""lib_c109252f8c""}"
cpr_00649_81d26b48,"{""source_token"":""src_99aecc73f1"",""name_type_token"":""name_e93895d5b7"",""library_token"":""lib_0a7bd9a523""}"
cpr_00654_4fc17d16,"{""source_token"":""src_6e063d35fa"",""name_type_token"":""name_f3d03a0a04"",""library_token"":""lib_b482d93a9a""}"
cpr_00687_496f5c32,"{""source_token"":""src_6c24ff7d4f"",""name_type_token"":""name_b552740531"",""library_token"":""lib_d177754e27""}"
cpr_00875_0c3c1880,"{""source_token"":""src_238b314b05"",""name_type_token"":""name_35b045d605"",""library_token"":""lib_8b6296bd3b""}"
cpr_00716_e229143e,"{""source_token"":""src_0cd56d813a"",""name_type_token"":""name_308afef9bd"",""library_token"":""lib_66e0ca0bc4""}"
cpr_00637_fa843bce,"{""source_token"":""src_c06770278c"",""name_type_token"":""name_ffece420aa"",""library_token"":""lib_074faecf98""}"
cpr_00652_27efc51c,"{""source_token"":""src_0173b0d533"",""name_type_token"":""name_b68c71632e"",""library_token"":""lib_030a253532""}"
cpr_00792_164e4833,"{""source_token"":""src_0998397fb0"",""name_type_token"":""name_f51c3374c2"",""library_token"":""lib_e0abf14d67""}"
cpr_00850_bfc088ca,"{""source_token"":""src_8700d94299"",""name_type_token"":""name_bc8f479f2f"",""library_token"":""lib_018c0ebd6a""}"
cpr_00781_5027dd5e,"{""source_token"":""src_8fc3fefd55"",""name_type_token"":""name_f85f475d7b"",""library_token"":""lib_4894e664f9""}"
cpr_00822_c17ea2fa,"{""source_token"":""src_82c995f507"",""name_type_token"":""name_6ef6210942"",""library_token"":""lib_990b741c4c""}"
cpr_00721_5ccaa226,"{""source_token"":""src_2f9d58ae3e"",""name_type_token"":""name_824ff0adb1"",""library_token"":""lib_43d20a72fa""}"
cpr_00698_d68ff610,"{""source_token"":""src_754335ffe4"",""name_type_token"":""name_471fb0a657"",""library_token"":""lib_cd3b652c4f""}"
cpr_00768_7ba3a38e,"{""source_token"":""src_0bf054e155"",""name_type_token"":""name_94db160f62"",""library_token"":""lib_11c04a2b79""}"
cpr_00894_0e0d5bfb,"{""source_token"":""src_bb9a8a60d7"",""name_type_token"":""name_cfda45e6a5"",""library_token"":""lib_19f36877c1""}"
cpr_00888_4395551d,"{""source_token"":""src_218b42bc4a"",""name_type_token"":""name_58dd1131ec"",""library_token"":""lib_dcd19d1aea""}"
cpr_00702_2ac9e5c3,"{""source_token"":""src_f983059200"",""name_type_token"":""name_c18de542ce"",""library_token"":""lib_c67fe40d8b""}"
cpr_00735_7160074c,"{""source_token"":""src_b6b46fb106"",""name_type_token"":""name_a1622cf0a9"",""library_token"":""lib_7e4b6250ce""}"
cpr_00806_75b03d82,"{""source_token"":""src_cd8639864e"",""name_type_token"":""name_7d41199532"",""library_token"":""lib_5e0570dfd8""}"
cpr_00788_668960cb,"{""source_token"":""src_98a8c53cf4"",""name_type_token"":""name_628c569958"",""library_token"":""lib_cee83c231b""}"
cpr_00784_6ba1abc1,"{""source_token"":""src_e92b61da57"",""name_type_token"":""name_2ae7c67873"",""library_token"":""lib_a14089f246""}"
cpr_00689_9090dd7d,"{""source_token"":""src_2ec13cfcbf"",""name_type_token"":""name_545b70e2f8"",""library_token"":""lib_b8a230509f""}"
cpr_00842_feced55f,"{""source_token"":""src_e41441c654"",""name_type_token"":""name_1e6834cb6d"",""library_token"":""lib_1170c3b3bf""}"
cpr_00745_0535390a,"{""source_token"":""src_9122bd6884"",""name_type_token"":""name_fcb512d021"",""library_token"":""lib_a77319218e""}"
cpr_00878_f56c78e0,"{""source_token"":""src_761f1d93b7"",""name_type_token"":""name_35aed14e3b"",""library_token"":""lib_665d31decb""}"
cpr_00819_b26eacf5,"{""source_token"":""src_37188afd4e"",""name_type_token"":""name_66afa6b141"",""library_token"":""lib_a6ddc8eb9b""}"
cpr_00608_6df4aba9,"{""source_token"":""src_021d312fa7"",""name_type_token"":""name_6465c5afa2"",""library_token"":""lib_9f48ddcd28""}"
cpr_00847_690b101f,"{""source_token"":""src_01e2eaa41f"",""name_type_token"":""name_12048d838b"",""library_token"":""lib_fa09158c9a""}"
cpr_00657_d87b21aa,"{""source_token"":""src_bd8adb4a26"",""name_type_token"":""name_29e256f57a"",""library_token"":""lib_2e29553580""}"
cpr_00665_103d717b,"{""source_token"":""src_2952df9112"",""name_type_token"":""name_764efd59bd"",""library_token"":""lib_d1ea42ace6""}"
cpr_00856_36296dec,"{""source_token"":""src_50e8cdb09e"",""name_type_token"":""name_d5bc0b0e77"",""library_token"":""lib_2ea7a79101""}"
cpr_00725_da154d23,"{""source_token"":""src_c3c95d503e"",""name_type_token"":""name_7ab8f300d1"",""library_token"":""lib_315b4dd3f9""}"
cpr_00607_43ff7fa5,"{""source_token"":""src_3f3aa606ed"",""name_type_token"":""name_e7cba1fe01"",""library_token"":""lib_872dc9fa73""}"
cpr_00752_c1752d20,"{""source_token"":""src_76903143cc"",""name_type_token"":""name_41a653a6fe"",""library_token"":""lib_05d2e0697b""}"
cpr_00738_7f3afdc3,"{""source_token"":""src_5e9251b070"",""name_type_token"":""name_73af505c52"",""library_token"":""lib_0c9f3bedc9""}"
cpr_00732_13590dc7,"{""source_token"":""src_8958cb9ce1"",""name_type_token"":""name_1d6fdac9c2"",""library_token"":""lib_3d3c8ebbfd""}"
cpr_00675_3affab7b,"{""source_token"":""src_31f0dc537f"",""name_type_token"":""name_dde3206a35"",""library_token"":""lib_c103dc43ce""}"
cpr_00695_9056fade,"{""source_token"":""src_7d477c01ce"",""name_type_token"":""name_8d463ec5d2"",""library_token"":""lib_99fb4511b6""}"
cpr_00773_80ebcb0e,"{""source_token"":""src_8669d32a1a"",""name_type_token"":""name_bf08ae8869"",""library_token"":""lib_8f7ec1a903""}"
cpr_00756_b992795e,"{""source_token"":""src_dd68c13e3c"",""name_type_token"":""name_a1d785bfad"",""library_token"":""lib_d68c3fe8d4""}"
cpr_00682_5c031fc4,"{""source_token"":""src_68c9690f99"",""name_type_token"":""name_8df77bfbec"",""library_token"":""lib_151da5add6""}"
cpr_00636_c413b04e,"{""source_token"":""src_98893900ba"",""name_type_token"":""name_fae377ce54"",""library_token"":""lib_d97c4a35f6""}"
cpr_00693_1fd9f12f,"{""source_token"":""src_e0b62f1d67"",""name_type_token"":""name_7f19e52bb5"",""library_token"":""lib_166f7134bf""}"
cpr_00800_1b25e437,"{""source_token"":""src_6ad7b5db2d"",""name_type_token"":""name_9728f6c8ab"",""library_token"":""lib_c35cd0234c""}"
cpr_00793_db26af16,"{""source_token"":""src_0dc0a98cc2"",""name_type_token"":""name_b2f3c3c931"",""library_token"":""lib_6cd00758a3""}"
cpr_00883_cfd468e3,"{""source_token"":""src_d706f9d478"",""name_type_token"":""name_d3c3b060d8"",""library_token"":""lib_c942e0d202""}"
cpr_00749_8bebf0e2,"{""source_token"":""src_0d45765c26"",""name_type_token"":""name_3e18600c2d"",""library_token"":""lib_486c56e6d0""}"
cpr_00717_035be1b0,"{""source_token"":""src_4625bbdea4"",""name_type_token"":""name_ed8ed9ddef"",""library_token"":""lib_7db18f77e8""}"
cpr_00677_a5fe5925,"{""source_token"":""src_f4e9d3a0f3"",""name_type_token"":""name_5e40899a77"",""library_token"":""lib_ac9e52d73a""}"
cpr_00876_ed00d2df,"{""source_token"":""src_8de4a3f1fc"",""name_type_token"":""name_6392bd815d"",""library_token"":""lib_24e3422110""}"
cpr_00893_d7a37431,"{""source_token"":""src_cb0f293ceb"",""name_type_token"":""name_bc9279d4e6"",""library_token"":""lib_6bdc911d73""}"
cpr_00703_204229b2,"{""source_token"":""src_0eff79571e"",""name_type_token"":""name_1eb6cc2aab"",""library_token"":""lib_7ca554f0cd""}"
cpr_00671_0e14f433,"{""source_token"":""src_d42811ad98"",""name_type_token"":""name_7d96f7794d"",""library_token"":""lib_2bfa15e100""}"
cpr_00884_44f85c34,"{""source_token"":""src_8d562aa43b"",""name_type_token"":""name_50e7f7ae0c"",""library_token"":""lib_5353e5095f""}"
cpr_00862_a1921851,"{""source_token"":""src_471b97d2ea"",""name_type_token"":""name_5a83217612"",""library_token"":""lib_94d98701e8""}"
cpr_00746_62956a5b,"{""source_token"":""src_e924700f85"",""name_type_token"":""name_38197e0dc9"",""library_token"":""lib_54e2ccf44b""}"
cpr_00854_2d295721,"{""source_token"":""src_77fbb39922"",""name_type_token"":""name_e327fb9408"",""library_token"":""lib_c8ff77465c""}"
cpr_00832_f60e5d93,"{""source_token"":""src_f669bc2915"",""name_type_token"":""name_aacf847cec"",""library_token"":""lib_24b8d4cb0d""}"
cpr_00817_030b2dbe,"{""source_token"":""src_00cd24b45b"",""name_type_token"":""name_400bd71b37"",""library_token"":""lib_7cca18c22d""}"
cpr_00769_c8333dc5,"{""source_token"":""src_c18e779eb2"",""name_type_token"":""name_86170b0df8"",""library_token"":""lib_19a16f2013""}"
cpr_00782_653ce387,"{""source_token"":""src_d6cda98ceb"",""name_type_token"":""name_708a4d77a8"",""library_token"":""lib_622dcfb4b0""}"
cpr_00881_e4d872f8,"{""source_token"":""src_97ea45570a"",""name_type_token"":""name_4b1e844f93"",""library_token"":""lib_1dfb7d344e""}"
cpr_00891_f19a1539,"{""source_token"":""src_d7d1b0d83a"",""name_type_token"":""name_e3259b9fa0"",""library_token"":""lib_8f495e3242""}"
cpr_00889_55a41699,"{""source_token"":""src_5fce4fc16e"",""name_type_token"":""name_d038cbcacf"",""library_token"":""lib_c2ce1665f5""}"
cpr_00728_694ebab6,"{""source_token"":""src_60cd00a560"",""name_type_token"":""name_a02bed7265"",""library_token"":""lib_667ce7a534""}"
cpr_00815_3928687b,"{""source_token"":""src_bdd9cdaa16"",""name_type_token"":""name_98de02fe29"",""library_token"":""lib_eb81107a16""}"
cpr_00758_054d72cb,"{""source_token"":""src_660cd6fc57"",""name_type_token"":""name_6ba4f87a89"",""library_token"":""lib_f1997cbbe3""}"
cpr_00678_e7352300,"{""source_token"":""src_4744eae7cf"",""name_type_token"":""name_ed0d9cfd4d"",""library_token"":""lib_5187746fad""}"
cpr_00684_ba16e756,"{""source_token"":""src_b67f388916"",""name_type_token"":""name_a6ebe20ac8"",""library_token"":""lib_614d962ae8""}"
cpr_00760_d6090df9,"{""source_token"":""src_6e896b0f06"",""name_type_token"":""name_ece91c11d7"",""library_token"":""lib_1679294eeb""}"
cpr_00882_d7bbb412,"{""source_token"":""src_b6db5ab220"",""name_type_token"":""name_6fa0ef7836"",""library_token"":""lib_b4a464ddd1""}"
